country,house_price_index,house_price_yoy_pct,quarter,rent_index,rent_yoy_pct,price_rent_divergence_pp,inflation_pct,real_house_price_growth_pct,unemployment_pct,gdp_growth_pct,policy_rate_pct
Ireland,,,1975Q1,,,,,,,,
Ireland,,,1975Q2,,,,,,,,
Ireland,,,1975Q3,,,,,,,,
Ireland,,,1975Q4,,,,,,,,
Ireland,,,1976Q1,,,,,,,,
Ireland,,,1976Q2,,,,,,,,
Ireland,,,1976Q3,,,,,,,,
Ireland,,,1976Q4,,,,,,,,
Ireland,,,1977Q1,,,,,,,,
Ireland,,,1977Q2,,,,,,,,
Ireland,,,1977Q3,,,,,,,,
Ireland,,,1977Q4,,,,,,,,
Ireland,,,1978Q1,,,,,,,,
Ireland,,,1978Q2,,,,,,,,
Ireland,,,1978Q3,,,,,,,,
Ireland,,,1978Q4,,,,,,,,
Ireland,,,1979Q1,,,,,,,,
Ireland,,,1979Q2,,,,,,,,
Ireland,,,1979Q3,,,,,,,,
Ireland,,,1979Q4,,,,,,,,
Ireland,,,1980Q1,,,,,,,,
Ireland,,,1980Q2,,,,,,,,
Ireland,,,1980Q3,,,,,,,,
Ireland,,,1980Q4,,,,,,,,
Ireland,,,1981Q1,,,,,,,,
Ireland,,,1981Q2,,,,,,,,
Ireland,,,1981Q3,,,,,,,,
Ireland,,,1981Q4,,,,,,,,
Ireland,,,1982Q1,,,,,,,,
Ireland,,,1982Q2,,,,,,,,
Ireland,,,1982Q3,,,,,,,,
Ireland,,,1982Q4,,,,,,,,
Ireland,,,1983Q1,,,,,,,,
Ireland,,,1983Q2,,,,,,,,
Ireland,,,1983Q3,,,,,,,,
Ireland,,,1983Q4,,,,,,,,
Ireland,,,1984Q1,,,,,,,,
Ireland,,,1984Q2,,,,,,,,
Ireland,,,1984Q3,,,,,,,,
Ireland,,,1984Q4,,,,,,,,
Ireland,,,1985Q1,,,,,,,,
Ireland,,,1985Q2,,,,,,,,
Ireland,,,1985Q3,,,,,,,,
Ireland,,,1985Q4,,,,,,,,
Ireland,,,1986Q1,,,,,,,,
Ireland,,,1986Q2,,,,,,,,
Ireland,,,1986Q3,,,,,,,,
Ireland,,,1986Q4,,,,,,,,
Ireland,,,1987Q1,,,,,,,,
Ireland,,,1987Q2,,,,,,,,
Ireland,,,1987Q3,,,,,,,,
Ireland,,,1987Q4,,,,,,,,
Ireland,,,1988Q1,,,,,,,,
Ireland,,,1988Q2,,,,,,,,
Ireland,,,1988Q3,,,,,,,,
Ireland,,,1988Q4,,,,,,,,
Ireland,,,1989Q1,,,,,,,,
Ireland,,,1989Q2,,,,,,,,
Ireland,,,1989Q3,,,,,,,,
Ireland,,,1989Q4,,,,,,,,
Ireland,,,1990Q1,,,,,,,,
Ireland,,,1990Q2,,,,,,,,
Ireland,,,1990Q3,,,,,,,,
Ireland,,,1990Q4,,,,,,,,
Ireland,,,1991Q1,,,,,,,,
Ireland,,,1991Q2,,,,,,,,
Ireland,,,1991Q3,,,,,,,,
Ireland,,,1991Q4,,,,,,,,
Ireland,,,1992Q1,,,,,,,,
Ireland,,,1992Q2,,,,,,,,
Ireland,,,1992Q3,,,,,,,,
Ireland,,,1992Q4,,,,,,,,
Ireland,,,1993Q1,,,,,,,,
Ireland,,,1993Q2,,,,,,,,
Ireland,,,1993Q3,,,,,,,,
Ireland,,,1993Q4,,,,,,,,
Ireland,,,1994Q1,,,,,,,,
Ireland,,,1994Q2,,,,,,,,
Ireland,,,1994Q3,,,,,,,,
Ireland,,,1994Q4,,,,,,,,
Ireland,,,1995Q1,,,,,,,,
Ireland,,,1995Q2,,,,,,,,
Ireland,,,1995Q3,,,,,,,,
Ireland,,,1995Q4,,,,,,,,
Ireland,,,1996Q1,52.03,,,,,,8.2,
Ireland,,,1996Q2,52.57,,,,,,8.8,
Ireland,,,1996Q3,52.93,,,,,,6.4,
Ireland,,,1996Q4,53.37,,,,,,5.8,
Ireland,,,1997Q1,53.6,3.02,,1.6,,,8.7,
Ireland,,,1997Q2,53.77,2.28,,1.5,,,9.5,
Ireland,,,1997Q3,54.17,2.34,,0.97,,,12.6,
Ireland,,,1997Q4,54.83,2.74,,0.97,,,13.6,
Ireland,,,1998Q1,55.5,3.54,,1.3,,,9.6,
Ireland,,,1998Q2,56.57,5.21,,2.3,,,9.2,
Ireland,,,1998Q3,57.6,6.33,,2.67,,,10.7,
Ireland,,,1998Q4,58.6,6.88,,2.33,,,5.9,
Ireland,,,1999Q1,59.37,6.97,,2.1,,,9.6,
Ireland,,,1999Q2,60.17,6.36,,2.17,,,8.3,
Ireland,,,1999Q3,60.97,5.85,,2.37,,,9.3,
Ireland,,,1999Q4,62.17,6.09,,3.2,,,14.9,
Ireland,,,2000Q1,64.03,7.85,,4.7,,,8.9,
Ireland,,,2000Q2,66.2,10.02,,5.2,,,11.2,
Ireland,,,2000Q3,68.17,11.81,,5.7,,,9.4,
Ireland,,,2000Q4,70.97,14.15,,5.5,,,8.0,
Ireland,,,2001Q1,73.53,14.84,,4.0,,,8.4,
Ireland,,,2001Q2,76.5,15.56,,4.23,,,6.7,
Ireland,,,2001Q3,78.53,15.2,,3.83,,,3.3,
Ireland,,,2001Q4,79.43,11.92,,3.9,,,3.8,
Ireland,,,2002Q1,81.2,10.43,,5.13,,,6.4,
Ireland,,,2002Q2,81.07,5.97,,4.9,,,4.4,
Ireland,,,2002Q3,80.83,2.93,,4.33,,,7.2,
Ireland,,,2002Q4,80.6,1.47,,4.5,,,6.7,
Ireland,,,2003Q1,80.87,-0.41,,4.93,,,1.3,
Ireland,,,2003Q2,80.8,-0.33,,4.03,,,3.5,
Ireland,,,2003Q3,80.27,-0.69,,3.9,,,1.6,
Ireland,,,2003Q4,79.27,-1.65,,3.2,,,6.4,
Ireland,,,2004Q1,79.0,-2.31,,2.07,,,7.2,
Ireland,,,2004Q2,78.7,-2.6,,2.1,,,8.7,
Ireland,,,2004Q3,78.3,-2.45,,2.47,,,7.4,
Ireland,,,2004Q4,77.93,-1.69,,2.53,,,4.1,
Ireland,125.92,,2005Q1,78.4,-0.76,,2.0,,,6.4,
Ireland,128.58,,2005Q2,79.57,1.11,,2.07,,,5.2,
Ireland,133.58,,2005Q3,80.57,2.9,,2.37,,,5.3,
Ireland,139.46,,2005Q4,81.57,4.67,,2.27,,,6.2,
Ireland,141.99,12.76,2006Q1,82.4,5.1,7.66,2.6,10.16,,5.5,
Ireland,147.62,14.81,2006Q2,83.7,5.19,9.62,2.9,11.91,,4.2,
Ireland,156.49,17.15,2006Q3,85.3,5.87,11.28,2.77,14.38,,6.7,
Ireland,159.91,14.66,2006Q4,87.43,7.18,7.48,2.53,12.13,,3.3,
Ireland,162.7,14.59,2007Q1,89.9,9.1,5.49,2.9,11.69,,7.7,
Ireland,163.29,10.62,2007Q2,92.57,10.6,0.02,2.8,7.82,,5.9,
Ireland,163.07,4.2,2007Q3,94.77,11.1,-6.9,2.67,1.53,,1.9,
Ireland,162.16,1.41,2007Q4,97.23,11.21,-9.8,3.23,-1.82,,5.0,
Ireland,158.74,-2.43,2008Q1,99.87,11.09,-13.52,3.43,-5.86,,-2.1,
Ireland,154.41,-5.44,2008Q2,100.6,8.67,-14.11,3.67,-9.11,,-4.0,
Ireland,150.29,-7.84,2008Q3,98.53,3.97,-11.81,3.3,-11.14,,-0.8,
Ireland,142.58,-12.07,2008Q4,93.63,-3.7,-8.37,2.07,-14.14,,-9.6,
Ireland,132.58,-16.48,2009Q1,88.4,-11.48,-5.0,0.17,-16.65,11.2,-7.0,
Ireland,123.46,-20.04,2009Q2,84.93,-15.58,-4.46,-1.53,-18.51,12.6,-4.5,
Ireland,118.33,-21.27,2009Q3,82.67,-16.1,-5.17,-2.6,-18.67,13.2,-5.1,
Ireland,115.58,-18.94,2009Q4,80.87,-13.63,-5.31,-2.77,-16.17,13.6,-2.7,
Ireland,111.53,-15.88,2010Q1,79.87,-9.65,-6.23,-2.43,-13.45,14.1,-0.3,
Ireland,107.73,-12.74,2010Q2,80.17,-5.6,-7.14,-2.1,-10.64,14.3,0.6,
Ireland,104.59,-11.61,2010Q3,79.97,-3.27,-8.34,-1.17,-10.44,14.6,2.5,
Ireland,99.98,-13.5,2010Q4,79.13,-2.15,-11.35,-0.6,-12.9,15.4,3.6,
Ireland,95.45,-14.42,2011Q1,79.27,-0.75,-13.67,0.8,-15.22,15.3,2.5,
Ireland,90.5,-15.99,2011Q2,79.53,-0.8,-15.19,1.27,-17.26,15.1,2.5,
Ireland,85.12,-18.62,2011Q3,79.7,-0.34,-18.28,1.13,-19.75,15.6,0.6,
Ireland,80.38,-19.6,2011Q4,80.63,1.9,-21.5,1.63,-21.23,15.7,0.7,
Ireland,76.76,-19.58,2012Q1,80.93,2.09,-21.67,1.63,-21.21,15.9,-1.7,
Ireland,75.0,-17.13,2012Q2,80.63,1.38,-18.51,1.8,-18.93,15.7,0.5,
Ireland,75.89,-10.84,2012Q3,80.8,1.38,-12.22,2.37,-13.21,15.6,-0.7,
Ireland,76.5,-4.83,2012Q4,82.07,1.79,-6.62,1.73,-6.56,14.9,-0.3,
Ireland,74.32,-3.18,2013Q1,82.83,2.35,-5.53,1.1,-4.28,14.5,0.8,
Ireland,74.33,-0.89,2013Q2,84.73,5.08,-5.97,0.53,-1.42,14.3,-0.7,
Ireland,78.52,3.47,2013Q3,86.27,6.77,-3.3,0.3,3.17,13.5,5.6,
Ireland,80.77,5.58,2013Q4,88.23,7.51,-1.93,0.17,5.41,12.8,3.6,
Ireland,82.04,10.39,2014Q1,90.37,9.1,1.29,0.2,10.19,12.8,9.6,
Ireland,86.62,16.53,2014Q2,91.63,8.14,8.39,0.4,16.13,12.2,10.4,
Ireland,93.63,19.24,2014Q3,92.93,7.72,11.52,0.5,18.74,11.6,7.9,
Ireland,96.59,19.59,2014Q4,94.83,7.48,12.11,0.1,19.49,10.9,10.1,
Ireland,96.43,17.54,2015Q1,97.17,7.52,10.02,-0.33,17.87,10.7,28.0,
Ireland,98.6,13.83,2015Q2,98.7,7.72,6.11,0.1,13.73,9.9,21.7,
Ireland,101.73,8.65,2015Q3,101.17,8.87,-0.22,0.1,8.55,9.6,23.9,
Ireland,103.25,6.9,2015Q4,102.97,8.58,-1.68,0.0,6.9,9.5,24.7,
Ireland,103.67,7.51,2016Q1,105.2,8.26,-0.75,-0.27,7.78,9.0,-1.6,
Ireland,104.79,6.28,2016Q2,107.37,8.78,-2.5,-0.1,6.38,8.7,0.1,
Ireland,109.33,7.47,2016Q3,109.93,8.66,-1.19,-0.2,7.67,8.2,-2.1,
Ireland,112.06,8.53,2016Q4,112.27,9.03,-0.5,-0.27,8.8,7.6,8.3,
Ireland,113.36,9.35,2017Q1,113.27,7.67,1.68,0.37,8.98,7.2,7.6,
Ireland,115.86,10.56,2017Q2,114.67,6.8,3.76,0.03,10.53,6.7,9.4,
Ireland,122.18,11.75,2017Q3,117.0,6.43,5.32,0.13,11.62,6.6,15.7,
Ireland,125.15,11.68,2017Q4,118.83,5.84,5.84,0.5,11.18,6.4,7.8,
Ireland,127.34,12.33,2018Q1,120.57,6.44,5.89,0.5,11.83,6.0,11.4,
Ireland,130.44,12.58,2018Q2,122.5,6.83,5.75,0.43,12.15,5.9,10.8,
Ireland,133.31,9.11,2018Q3,124.07,6.04,3.07,1.03,8.08,5.7,6.1,
Ireland,134.23,7.26,2018Q4,126.33,6.31,0.95,0.9,6.36,5.5,3.2,
Ireland,132.98,4.43,2019Q1,127.5,5.75,-1.32,0.87,3.56,5.1,3.3,
Ireland,133.7,2.5,2019Q2,128.93,5.25,-2.75,1.27,1.23,5.2,4.5,
Ireland,135.63,1.74,2019Q3,130.9,5.5,-3.76,0.57,1.17,5.0,5.7,
Ireland,135.32,0.81,2019Q4,132.27,4.7,-3.89,0.83,-0.02,4.8,6.2,
Ireland,134.3,0.99,2020Q1,132.5,3.92,-2.93,0.83,0.16,4.8,9.3,
Ireland,134.15,0.34,2020Q2,129.53,0.47,-0.13,-0.57,0.91,5.3,1.9,
Ireland,134.55,-0.8,2020Q3,129.4,-1.15,0.35,-0.97,0.17,7.0,11.9,
Ireland,136.28,0.71,2020Q4,129.13,-2.37,3.08,-1.17,1.88,6.4,5.9,
Ireland,138.34,3.01,2021Q1,130.3,-1.66,4.67,-0.13,3.14,7.1,13.1,
Ireland,141.65,5.59,2021Q2,132.13,2.01,3.58,1.53,4.06,7.1,22.9,
Ireland,148.81,10.6,2021Q3,134.03,3.58,7.02,3.0,7.6,5.5,14.1,
Ireland,155.1,13.81,2021Q4,138.57,7.31,6.5,5.4,8.41,5.2,15.7,
Ireland,159.07,14.98,2022Q1,141.03,8.23,6.75,5.87,9.11,4.9,7.6,
Ireland,161.89,14.29,2022Q2,145.3,9.97,4.32,8.4,5.89,4.4,8.2,
Ireland,166.47,11.87,2022Q3,149.4,11.47,0.4,9.07,2.8,4.2,7.9,
Ireland,168.41,8.58,2022Q4,151.8,9.55,-0.97,8.87,-0.29,4.3,9.6,
Ireland,167.16,5.09,2023Q1,153.97,9.18,-4.09,7.53,-2.44,4.2,0.8,3.0
Ireland,166.3,2.72,2023Q2,156.07,7.41,-4.69,5.5,-2.78,4.3,-1.7,3.5
Ireland,168.79,1.39,2023Q3,159.43,6.71,-5.32,4.83,-3.44,4.4,-4.8,4.0
Ireland,173.69,3.14,2023Q4,161.5,6.39,-3.25,3.1,0.04,4.4,-7.8,4.0
Ireland,177.7,6.31,2024Q1,162.93,5.82,0.49,2.23,4.08,4.3,-0.8,4.0
Ireland,180.34,8.44,2024Q2,164.33,5.29,3.15,1.7,6.74,4.4,-1.4,3.75
Ireland,185.5,9.9,2024Q3,167.07,4.79,5.11,0.87,9.03,4.2,4.9,3.5
Ireland,189.97,9.37,2024Q4,169.87,5.18,4.19,0.53,8.84,4.4,12.2,3.0
Ireland,191.83,7.95,2025Q1,171.47,5.24,2.71,1.63,6.32,4.4,16.6,2.5
Ireland,194.34,7.76,2025Q2,172.8,5.15,2.61,1.67,6.09,4.7,11.7,2.0
Ireland,199.36,7.47,2025Q3,174.27,4.31,3.16,2.07,5.4,4.9,5.1,2.0
Ireland,203.23,6.98,2025Q4,175.8,3.49,3.49,2.87,4.11,4.7,-0.1,2.0
Ireland,204.94,6.83,2026Q1,,,,,,4.9,-13.4,
Ireland,205.94,5.97,2026Q2,,,,,,5.0,-0.4,
Spain,,,1975Q1,,,,,,,,
Spain,,,1975Q2,,,,,,,,
Spain,,,1975Q3,,,,,,,,
Spain,,,1975Q4,,,,,,,,
Spain,,,1976Q1,,,,,,,,
Spain,,,1976Q2,,,,,,,,
Spain,,,1976Q3,,,,,,,,
Spain,,,1976Q4,,,,,,,,
Spain,,,1977Q1,,,,,,,,
Spain,,,1977Q2,,,,,,,,
Spain,,,1977Q3,,,,,,,,
Spain,,,1977Q4,,,,,,,,
Spain,,,1978Q1,,,,,,,,
Spain,,,1978Q2,,,,,,,,
Spain,,,1978Q3,,,,,,,,
Spain,,,1978Q4,,,,,,,,
Spain,,,1979Q1,,,,,,,,
Spain,,,1979Q2,,,,,,,,
Spain,,,1979Q3,,,,,,,,
Spain,,,1979Q4,,,,,,,,
Spain,,,1980Q1,,,,,,,,
Spain,,,1980Q2,,,,,,,,
Spain,,,1980Q3,,,,,,,,
Spain,,,1980Q4,,,,,,,,
Spain,,,1981Q1,,,,,,,,
Spain,,,1981Q2,,,,,,,,
Spain,,,1981Q3,,,,,,,,
Spain,,,1981Q4,,,,,,,,
Spain,,,1982Q1,,,,,,,,
Spain,,,1982Q2,,,,,,,,
Spain,,,1982Q3,,,,,,,,
Spain,,,1982Q4,,,,,,,,
Spain,,,1983Q1,,,,,,,,
Spain,,,1983Q2,,,,,,,,
Spain,,,1983Q3,,,,,,,,
Spain,,,1983Q4,,,,,,,,
Spain,,,1984Q1,,,,,,,,
Spain,,,1984Q2,,,,,,,,
Spain,,,1984Q3,,,,,,,,
Spain,,,1984Q4,,,,,,,,
Spain,,,1985Q1,,,,,,,,
Spain,,,1985Q2,,,,,,,,
Spain,,,1985Q3,,,,,,,,
Spain,,,1985Q4,,,,,,,,
Spain,,,1986Q1,,,,,,,,
Spain,,,1986Q2,,,,,,,,
Spain,,,1986Q3,,,,,,,,
Spain,,,1986Q4,,,,,,,,
Spain,,,1987Q1,,,,,,,,
Spain,,,1987Q2,,,,,,,,
Spain,,,1987Q3,,,,,,,,
Spain,,,1987Q4,,,,,,,,
Spain,,,1988Q1,,,,,,,,
Spain,,,1988Q2,,,,,,,,
Spain,,,1988Q3,,,,,,,,
Spain,,,1988Q4,,,,,,,,
Spain,,,1989Q1,,,,,,,,
Spain,,,1989Q2,,,,,,,,
Spain,,,1989Q3,,,,,,,,
Spain,,,1989Q4,,,,,,,,
Spain,,,1990Q1,,,,,,,,
Spain,,,1990Q2,,,,,,,,
Spain,,,1990Q3,,,,,,,,
Spain,,,1990Q4,,,,,,,,
Spain,,,1991Q1,,,,,,,,
Spain,,,1991Q2,,,,,,,,
Spain,,,1991Q3,,,,,,,,
Spain,,,1991Q4,,,,,,,,
Spain,,,1992Q1,,,,,,,,
Spain,,,1992Q2,,,,,,,,
Spain,,,1992Q3,,,,,,,,
Spain,,,1992Q4,,,,,,,,
Spain,,,1993Q1,,,,,,,,
Spain,,,1993Q2,,,,,,,,
Spain,,,1993Q3,,,,,,,,
Spain,,,1993Q4,,,,,,,,
Spain,,,1994Q1,,,,,,,,
Spain,,,1994Q2,,,,,,,,
Spain,,,1994Q3,,,,,,,,
Spain,,,1994Q4,,,,,,,,
Spain,,,1995Q1,,,,,,,,
Spain,,,1995Q2,,,,,,,,
Spain,,,1995Q3,,,,,,,,
Spain,,,1995Q4,,,,,,,,
Spain,,,1996Q1,55.26,,,,,,2.5,
Spain,,,1996Q2,56.64,,,,,,2.5,
Spain,,,1996Q3,57.33,,,,,,2.9,
Spain,,,1996Q4,58.16,,,,,,2.6,
Spain,,,1997Q1,59.2,7.13,,2.5,,,3.0,
Spain,,,1997Q2,60.3,6.46,,1.43,,,3.3,
Spain,,,1997Q3,61.0,6.4,,1.7,,,3.6,
Spain,,,1997Q4,61.74,6.16,,1.87,,,4.5,
Spain,,,1998Q1,62.59,5.73,,1.77,,,4.3,
Spain,,,1998Q2,63.45,5.22,,1.97,,,4.5,
Spain,,,1998Q3,63.98,4.89,,1.97,,,4.4,
Spain,,,1998Q4,64.47,4.42,,1.4,,,4.0,
Spain,,,1999Q1,65.04,3.91,,1.77,,,4.1,
Spain,,,1999Q2,65.7,3.55,,2.17,,,4.2,
Spain,,,1999Q3,66.23,3.52,,2.3,,,4.6,
Spain,,,1999Q4,66.71,3.47,,2.63,,,4.7,
Spain,,,2000Q1,67.39,3.61,,2.97,,,5.3,
Spain,,,2000Q2,68.18,3.77,,3.23,,,5.4,
Spain,,,2000Q3,68.73,3.77,,3.67,,,5.1,
Spain,,,2000Q4,69.3,3.88,,4.03,,,5.0,
Spain,,,2001Q1,70.08,3.99,,2.87,,,4.4,
Spain,,,2001Q2,70.99,4.12,,3.7,,,3.9,
Spain,,,2001Q3,71.52,4.06,,2.27,,,3.9,
Spain,,,2001Q4,72.12,4.07,,2.5,,,3.4,
Spain,,,2002Q1,73.04,4.22,,3.17,,,2.9,
Spain,,,2002Q2,73.93,4.14,,3.6,,,2.9,
Spain,,,2002Q3,74.55,4.24,,3.57,,,2.5,
Spain,,,2002Q4,75.25,4.34,,3.97,,,2.7,
Spain,,,2003Q1,76.18,4.3,,3.8,,,3.2,
Spain,,,2003Q2,77.09,4.27,,2.9,,,2.7,
Spain,,,2003Q3,77.68,4.2,,3.0,,,2.9,
Spain,,,2003Q4,78.47,4.28,,2.77,,,3.0,
Spain,,,2004Q1,79.33,4.13,,2.23,,,2.6,
Spain,,,2004Q2,80.27,4.13,,3.2,,,3.3,
Spain,,,2004Q3,80.88,4.12,,3.27,,,3.4,
Spain,,,2004Q4,81.62,4.01,,3.47,,,3.2,
Spain,,,2005Q1,82.66,4.2,,3.27,,,3.6,
Spain,,,2005Q2,83.76,4.35,,3.27,,,3.4,
Spain,,,2005Q3,84.39,4.34,,3.47,,,3.5,
Spain,123.7,,2005Q4,85.09,4.25,,3.53,,,3.8,
Spain,128.3,,2006Q1,86.19,4.27,,4.07,,,4.1,
Spain,133.79,,2006Q2,87.4,4.35,,4.0,,,4.1,
Spain,138.16,,2006Q3,88.12,4.42,,3.57,,,4.1,
Spain,141.74,14.58,2006Q4,88.87,4.44,10.14,2.67,11.91,,4.0,
Spain,145.14,13.13,2007Q1,90.04,4.47,8.66,2.43,10.7,,3.7,
Spain,149.29,11.59,2007Q2,91.17,4.31,7.28,2.43,9.16,,3.7,
Spain,150.9,9.22,2007Q3,91.97,4.37,4.85,2.4,6.82,,3.5,
Spain,149.82,5.7,2007Q4,92.73,4.34,1.36,4.0,1.7,,3.2,
Spain,149.27,2.85,2008Q1,93.78,4.15,-1.3,4.5,-1.65,,2.4,
Spain,148.88,-0.27,2008Q2,95.05,4.26,-4.53,4.67,-4.94,,1.6,
Spain,146.51,-2.91,2008Q3,95.87,4.24,-7.15,4.93,-7.84,,0.6,
Spain,141.99,-5.23,2008Q4,96.74,4.32,-9.55,2.47,-7.7,,-1.5,
Spain,138.2,-7.42,2009Q1,97.62,4.09,-11.51,0.47,-7.89,16.7,-4.4,
Spain,137.58,-7.59,2009Q2,98.28,3.4,-10.99,-0.7,-6.89,17.8,-4.3,
Spain,136.33,-6.95,2009Q3,98.55,2.8,-9.75,-0.97,-5.98,18.2,-3.9,
Spain,135.78,-4.37,2009Q4,98.71,2.04,-6.41,0.23,-4.6,18.8,-2.4,
Spain,134.08,-2.98,2010Q1,98.52,0.92,-3.9,1.27,-4.25,19.3,0.1,
Spain,136.26,-0.96,2010Q2,99.75,1.5,-2.46,2.33,-3.29,19.9,0.2,
Spain,134.01,-1.7,2010Q3,103.75,5.28,-6.98,2.07,-3.77,20.0,-0.1,
Spain,133.86,-1.41,2010Q4,99.78,1.08,-2.49,2.57,-3.98,20.2,0.1,
Spain,129.31,-3.56,2011Q1,99.78,1.28,-4.84,3.23,-6.79,20.5,0.1,
Spain,127.76,-6.24,2011Q2,101.11,1.36,-7.6,3.3,-9.54,20.8,-0.3,
Spain,123.2,-8.07,2011Q3,104.48,0.7,-8.77,2.9,-10.97,21.7,-0.8,
Spain,116.8,-12.74,2011Q4,100.69,0.91,-13.65,2.73,-15.47,22.6,-1.5,
Spain,110.97,-14.18,2012Q1,100.61,0.83,-15.01,1.9,-16.08,23.6,-2.4,
Spain,107.37,-15.96,2012Q2,101.75,0.63,-16.59,1.9,-17.86,24.6,-3.0,
Spain,103.36,-16.1,2012Q3,104.49,0.01,-16.11,2.8,-18.9,25.2,-2.9,
Spain,101.91,-12.75,2012Q4,101.2,0.51,-13.26,3.17,-15.92,25.8,-3.2,
Spain,96.75,-12.81,2013Q1,100.71,0.1,-12.91,2.77,-15.58,26.3,-2.5,
Spain,95.98,-10.61,2013Q2,101.72,-0.03,-10.58,1.83,-12.44,26.2,-1.7,
Spain,96.72,-6.42,2013Q3,104.55,0.06,-6.48,1.33,-7.75,26.1,-1.3,
Spain,95.5,-6.29,2013Q4,100.74,-0.45,-5.84,0.2,-6.49,25.8,-0.3,
Spain,95.2,-1.6,2014Q1,99.88,-0.82,-0.78,0.07,-1.67,25.3,0.4,
Spain,96.78,0.83,2014Q2,101.23,-0.48,1.31,0.17,0.66,24.6,1.0,
Spain,96.99,0.28,2014Q3,103.9,-0.62,0.9,-0.4,0.68,24.1,1.9,
Spain,97.18,1.76,2014Q4,100.22,-0.52,2.28,-0.6,2.36,23.8,2.7,
Spain,96.67,1.54,2015Q1,100.17,0.29,1.25,-1.17,2.71,23.2,3.6,
Spain,100.67,4.02,2015Q2,100.02,-1.2,5.22,-0.33,4.35,22.5,4.2,
Spain,101.34,4.48,2015Q3,99.95,-3.8,8.28,-0.53,5.01,21.6,4.3,
Spain,101.31,4.25,2015Q4,99.86,-0.36,4.61,-0.47,4.72,21.0,4.2,
Spain,102.74,6.28,2016Q1,99.87,-0.3,6.58,-0.8,7.08,20.4,3.7,
Spain,104.55,3.85,2016Q2,99.94,-0.08,3.93,-1.07,4.92,20.1,2.9,
Spain,105.41,4.02,2016Q3,99.92,-0.03,4.05,-0.33,4.35,19.3,2.7,
Spain,105.78,4.41,2016Q4,99.92,0.06,4.35,0.8,3.61,18.7,2.4,
Spain,108.2,5.31,2017Q1,100.01,0.14,5.17,2.67,2.64,18.1,2.4,
Spain,110.39,5.59,2017Q2,100.18,0.24,5.35,2.07,3.52,17.4,3.1,
Spain,112.43,6.66,2017Q3,100.4,0.48,6.18,1.83,4.83,16.8,3.0,
Spain,113.39,7.19,2017Q4,100.7,0.78,6.41,1.57,5.62,16.6,3.0,
Spain,114.96,6.25,2018Q1,101.03,1.02,5.23,1.07,5.18,16.1,2.7,
Spain,117.9,6.8,2018Q2,101.4,1.22,5.58,1.83,4.97,15.4,2.3,
Spain,120.48,7.16,2018Q3,101.75,1.34,5.82,2.27,4.89,14.9,2.3,
Spain,120.97,6.68,2018Q4,102.19,1.48,5.2,1.73,4.95,14.5,2.2,
Spain,122.88,6.89,2019Q1,102.62,1.57,5.32,1.13,5.76,14.1,2.4,
Spain,124.27,5.4,2019Q2,102.99,1.57,3.83,1.03,4.37,14.2,2.1,
Spain,126.26,4.8,2019Q3,103.34,1.56,3.24,0.4,4.4,14.2,1.7,
Spain,125.44,3.7,2019Q4,103.67,1.45,2.25,0.5,3.2,13.9,1.7,
Spain,126.92,3.29,2020Q1,104.02,1.36,1.93,0.7,2.59,13.9,-4.2,
Spain,126.98,2.18,2020Q2,104.2,1.17,1.01,-0.63,2.81,15.5,-21.5,
Spain,128.56,1.82,2020Q3,104.48,1.1,0.72,-0.63,2.45,16.5,-9.1,
Spain,127.55,1.68,2020Q4,104.62,0.92,0.76,-0.77,2.45,16.2,-9.0,
Spain,128.12,0.95,2021Q1,104.78,0.73,0.22,0.5,0.45,15.6,-2.9,
Spain,131.15,3.28,2021Q2,104.87,0.64,2.64,2.3,0.98,15.6,19.8,
Spain,133.92,4.17,2021Q3,105.01,0.51,3.66,3.4,0.77,14.9,5.4,
Spain,135.58,6.3,2021Q4,105.16,0.52,5.78,5.83,0.47,13.6,6.7,
Spain,139.05,8.53,2022Q1,105.59,0.77,7.76,7.87,0.66,13.2,7.1,
Spain,141.71,8.05,2022Q2,106.18,1.25,6.8,8.93,-0.88,13.0,7.5,
Spain,144.15,7.64,2022Q3,106.61,1.52,6.12,10.07,-2.43,12.9,6.3,
Spain,142.99,5.47,2022Q4,107.08,1.83,3.64,6.5,-1.03,13.1,4.7,
Spain,143.98,3.55,2023Q1,107.73,2.03,1.52,5.0,-1.45,12.8,3.5,3.0
Spain,146.97,3.71,2023Q2,108.37,2.06,1.65,2.77,0.94,12.0,1.9,3.5
Spain,150.68,4.53,2023Q3,108.82,2.07,2.46,2.6,1.93,12.0,1.9,4.0
Spain,149.13,4.29,2023Q4,109.27,2.05,2.24,3.37,0.92,11.9,2.2,4.0
Spain,153.18,6.39,2024Q1,109.91,2.02,4.37,3.23,3.16,11.7,3.1,4.0
Spain,158.63,7.93,2024Q2,110.72,2.17,5.76,3.6,4.33,11.6,4.0,3.75
Spain,163.12,8.26,2024Q3,111.24,2.22,6.04,2.33,5.93,11.3,3.9,3.5
Spain,166.07,11.36,2024Q4,111.86,2.37,8.99,2.33,9.03,10.8,3.7,3.0
Spain,172.0,12.29,2025Q1,112.53,2.38,9.91,2.67,9.62,10.8,2.9,2.5
Spain,178.89,12.77,2025Q2,113.37,2.39,10.38,2.17,10.6,10.6,2.6,2.0
Spain,184.06,12.84,2025Q3,113.95,2.44,10.4,2.8,10.04,10.5,2.4,2.0
Spain,187.45,12.87,2025Q4,114.58,2.43,10.44,3.13,9.74,10.2,2.5,2.0
Spain,194.06,12.83,2026Q1,,,,,,10.3,2.6,
Spain,200.6,12.14,2026Q2,,,,,,10.2,2.6,
